startDate,endDate,type,nationwide,publicHoliday,SH,SZ,AG,SG,BE,BS,AI,ZH,LU,VD,SO,TG,NE,TI,NW,ZG,JU,AR,GR,GE,VS,GL,BL,FR,UR,OW
2022-03-19,2022-03-19,Public,False,Josephstag,False,True,False,False,False,False,False,False,True,False,False,False,False,True,True,True,False,False,True,False,True,False,False,False,True,False
2022-04-07,2022-04-07,Public,False,Näfelser Fahrt,False,False,False,False,False,False,False,False,False,False,False,False,False,False,False,False,False,False,False,False,False,True,False,False,False,False
2022-04-15,2022-04-15,Public,False,Karfreitag,True,True,True,True,True,True,True,True,True,True,True,True,True,False,True,True,True,True,True,True,False,True,True,True,True,True
2022-04-18,2022-04-18,Public,False,Ostermontag,True,True,True,True,True,True,True,True,True,True,True,True,True,True,True,True,True,True,True,True,False,True,True,True,True,True
2022-04-25,2022-04-25,Public,False,Sechseläuten,False,False,False,False,False,False,False,True,False,False,False,False,False,False,False,False,False,False,False,False,False,False,False,False,False,False
2022-05-01,2022-05-01,Public,False,Tag der Arbeit,True,False,True,False,False,True,False,True,False,False,True,True,True,True,False,False,True,False,False,False,False,False,True,True,False,False
2022-05-26,2022-05-26,Public,True,Auffahrt,False,False,False,False,False,False,False,False,False,False,False,False,False,False,False,False,False,False,False,False,False,False,False,False,False,False
2022-06-06,2022-06-06,Public,False,Pfingstmontag,True,True,True,True,True,True,True,True,True,True,True,True,True,True,True,True,True,True,True,True,False,True,True,True,True,True
2022-06-16,2022-06-16,Public,False,Fronleichnam,False,True,True,False,False,False,True,False,True,False,True,False,True,True,True,True,True,False,True,False,True,False,True,True,True,True
2022-06-29,2022-06-29,Public,False,Peter und Paul,False,False,False,False,False,False,False,False,True,False,False,False,False,True,False,False,False,False,True,False,False,False,False,False,False,False
2022-08-01,2022-08-01,Public,True,Bundesfeiertag,False,False,False,False,False,False,False,False,False,False,False,False,False,False,False,False,False,False,False,False,False,False,False,False,False,False
2022-08-15,2022-08-15,Public,False,Mariä Himmelfahrt,False,True,True,False,False,False,True,False,True,False,True,False,False,True,True,True,True,False,True,False,True,False,True,True,True,True
2022-09-08,2022-09-08,Public,False,Genfer Bettag,False,False,False,False,False,False,False,False,False,False,False,False,False,False,False,False,False,False,False,True,False,False,False,False,False,False
2022-09-12,2022-09-12,Public,False,Knabenschiessen,False,False,False,False,False,False,False,True,False,False,False,False,False,False,False,False,False,False,False,False,False,False,False,False,False,False
2022-09-18,2022-09-18,Public,False,"Eidgenössischer Dank-, Buss- und Bettag",True,True,True,True,True,True,True,True,True,True,True,True,True,True,True,True,True,True,True,False,True,True,True,True,True,True
2022-09-22,2022-09-22,Public,False,Mauritiustag,False,False,False,False,False,False,True,False,False,False,False,False,False,False,False,False,False,False,False,False,False,False,False,False,False,False
2022-09-25,2022-09-25,Public,False,Bruder-Klausen-Fest,False,False,False,False,False,False,False,False,False,False,False,False,False,False,False,False,False,False,False,False,False,False,False,False,False,True
2022-11-01,2022-11-01,Public,False,Allerheiligen,False,True,True,True,False,False,True,False,True,False,True,False,False,True,True,True,True,False,True,False,True,True,False,True,True,True
2022-12-08,2022-12-08,Public,False,Mariä Empfängnis,False,True,True,False,False,False,True,False,True,False,True,False,False,True,True,True,False,False,True,False,True,False,False,True,True,True
2022-12-25,2022-12-25,Public,True,Weihnachten,False,False,False,False,False,False,False,False,False,False,False,False,False,False,False,False,False,False,False,False,False,False,False,False,False,False
2022-12-26,2022-12-26,Public,False,Stephanstag,True,True,True,True,True,True,True,True,True,False,True,True,False,True,True,True,False,True,True,False,False,True,True,True,True,True
2023-01-01,2023-01-01,Public,True,Neujahrstag,False,False,False,False,False,False,False,False,False,False,False,False,False,False,False,False,False,False,False,False,False,False,False,False,False,False
2023-01-02,2023-01-02,Public,False,Berchtoldstag,True,False,True,True,True,False,False,True,True,True,True,True,True,False,True,True,True,False,False,False,True,True,False,True,False,True
2023-01-06,2023-01-06,Public,False,Dreikönigstag,False,True,False,False,False,False,False,False,False,False,False,False,False,True,False,False,False,False,True,False,False,False,False,False,True,False
2023-03-19,2023-03-19,Public,False,Josephstag,False,True,False,False,False,False,False,False,True,False,False,False,False,True,True,True,False,False,True,False,True,False,False,False,True,False
2023-04-07,2023-04-07,Public,False,Karfreitag,True,True,True,True,True,True,True,True,True,True,True,True,True,False,True,True,True,True,True,True,False,True,True,True,True,True
2023-04-10,2023-04-10,Public,False,Ostermontag,True,True,True,True,True,True,True,True,True,True,True,True,True,True,True,True,True,True,True,True,False,True,True,True,True,True
2023-04-13,2023-04-13,Public,False,Näfelser Fahrt,False,False,False,False,False,False,False,False,False,False,False,False,False,False,False,False,False,False,False,False,False,True,False,False,False,False
2023-04-17,2023-04-17,Public,False,Sechseläuten,False,False,False,False,False,False,False,True,False,False,False,False,False,False,False,False,False,False,False,False,False,False,False,False,False,False
2023-05-01,2023-05-01,Public,False,Tag der Arbeit,True,False,True,False,False,True,False,True,False,False,True,True,True,True,False,False,True,False,False,False,False,False,True,True,False,False
2023-05-18,2023-05-18,Public,True,Auffahrt,False,False,False,False,False,False,False,False,False,False,False,False,False,False,False,False,False,False,False,False,False,False,False,False,False,False
2023-05-29,2023-05-29,Public,False,Pfingstmontag,True,True,True,True,True,True,True,True,True,True,True,True,True,True,True,True,True,True,True,True,False,True,True,True,True,True
2023-06-08,2023-06-08,Public,False,Fronleichnam,False,True,True,False,False,False,True,False,True,False,True,False,True,True,True,True,True,False,True,False,True,False,True,True,True,True
2023-06-29,2023-06-29,Public,False,Peter und Paul,False,False,False,False,False,False,False,False,True,False,False,False,False,True,False,False,False,False,True,False,False,False,False,False,False,False
2023-08-01,2023-08-01,Public,True,Bundesfeiertag,False,False,False,False,False,False,False,False,False,False,False,False,False,False,False,False,False,False,False,False,False,False,False,False,False,False
2023-08-15,2023-08-15,Public,False,Mariä Himmelfahrt,False,True,True,False,False,False,True,False,True,False,True,False,False,True,True,True,True,False,True,False,True,False,True,True,True,True
2023-09-07,2023-09-07,Public,False,Genfer Bettag,False,False,False,False,False,False,False,False,False,False,False,False,False,False,False,False,False,False,False,True,False,False,False,False,False,False
2023-09-11,2023-09-11,Public,False,Knabenschiessen,False,False,False,False,False,False,False,True,False,False,False,False,False,False,False,False,False,False,False,False,False,False,False,False,False,False
2023-09-17,2023-09-17,Public,False,"Eidgenössischer Dank-, Buss- und Bettag",True,True,True,True,True,True,True,True,True,True,True,True,True,True,True,True,True,True,True,False,True,True,True,True,True,True
2023-09-22,2023-09-22,Public,False,Mauritiustag,False,False,False,False,False,False,True,False,False,False,False,False,False,False,False,False,False,False,False,False,False,False,False,False,False,False
2023-09-25,2023-09-25,Public,False,Bruder-Klausen-Fest,False,False,False,False,False,False,False,False,False,False,False,False,False,False,False,False,False,False,False,False,False,False,False,False,False,True
2023-11-01,2023-11-01,Public,False,Allerheiligen,False,True,True,True,False,False,True,False,True,False,True,False,False,True,True,True,True,False,True,False,True,True,False,True,True,True
2022-02-19,2022-03-06,School,False,Sport,False,False,False,False,False,False,False,False,False,False,False,False,False,False,False,False,False,False,False,False,False,False,False,False,True,False
2022-02-19,2022-03-06,School,False,Sport,False,False,False,False,False,False,False,False,False,False,False,False,False,False,False,False,False,False,False,False,False,False,False,False,False,True
2022-02-19,2022-03-06,School,False,Sport,False,False,False,False,False,False,False,False,False,False,False,False,False,False,True,False,False,False,False,False,False,False,False,False,False,False
2022-02-19,2022-03-06,School,False,Sport,False,False,False,False,False,False,False,False,True,False,False,False,False,False,False,False,False,False,False,False,False,False,False,False,False,False
2022-02-25,2022-03-06,School,False,Sport,False,False,False,False,False,False,True,False,False,False,False,False,False,False,False,False,False,False,False,False,False,False,False,False,False,False
2022-02-26,2022-03-06,School,False,Sport,False,True,False,False,False,False,False,False,False,False,False,False,False,False,False,False,False,False,False,False,False,False,False,False,False,False
2022-02-26,2022-03-13,School,False,Sport,False,False,False,False,False,False,False,False,False,False,False,False,False,False,False,False,False,False,False,False,True,False,False,False,False,False
2022-02-26,2022-03-13,School,False,Sport,False,False,False,False,False,True,False,False,False,False,False,False,False,False,False,False,False,False,False,False,False,False,False,False,False,False
2022-02-26,2022-03-06,School,False,Sport,False,False,False,False,False,False,False,False,False,False,False,False,False,True,False,False,False,False,False,False,False,False,False,False,False,False
2022-02-26,2022-03-06,School,False,Sport,False,False,False,False,False,False,False,False,False,False,False,False,False,False,False,False,False,False,False,False,False,False,False,True,False,False
2022-02-26,2022-03-06,School,False,Sport,False,False,False,False,False,False,False,False,False,False,False,False,True,False,False,False,False,False,False,False,False,False,False,False,False,False
2022-02-26,2022-03-06,School,False,Sport,False,False,False,False,False,False,False,False,False,False,False,False,False,False,False,False,False,False,False,False,False,False,False,True,False,False
2022-02-26,2022-03-13,School,False,Sport,False,False,False,False,False,False,False,False,False,False,False,False,False,False,False,False,False,False,False,False,False,False,True,False,False,False
2022-02-26,2022-03-06,School,False,Sport,False,False,False,False,False,False,False,False,False,False,False,False,False,False,False,False,False,False,False,False,True,False,False,False,False,False
2022-03-05,2022-03-13,School,False,Sport,False,False,False,False,False,False,False,False,False,False,False,False,False,False,False,False,False,False,False,False,True,False,False,False,False,False
2022-04-02,2022-04-18,School,False,Frühling,False,False,False,False,False,False,False,False,False,False,False,True,False,False,False,False,False,False,False,False,False,False,False,False,False,False
2022-04-07,2022-04-24,School,False,Frühling,False,False,False,False,False,False,False,False,False,False,False,False,False,False,False,False,False,False,False,False,False,True,False,False,False,False
2022-04-09,2022-04-24,School,False,Frühling,False,False,False,False,False,False,False,False,False,False,False,False,False,False,False,False,False,True,False,False,False,False,False,False,False,False
2022-04-09,2022-04-24,School,False,Frühling,False,False,False,False,True,False,False,False,False,False,False,False,False,False,False,False,False,False,False,False,False,False,False,False,False,False
2022-04-09,2022-04-24,School,False,Frühling,False,False,False,False,False,False,False,False,False,False,False,False,False,False,False,False,True,False,False,False,False,False,False,False,False,False
2022-04-09,2022-04-24,School,False,Frühling,False,False,False,False,False,False,False,False,False,False,False,False,False,False,False,False,False,False,False,False,False,False,True,False,False,False
2022-04-09,2022-04-24,School,False,Frühling,False,False,False,False,False,True,False,False,False,False,False,False,False,False,False,False,False,False,False,False,False,False,False,False,False,False
2022-04-09,2022-04-24,School,False,Frühling,False,False,False,False,False,False,True,False,False,False,False,False,False,False,False,False,False,False,False,False,False,False,False,False,False,False
2022-04-09,2022-04-24,School,False,Frühling,False,False,False,False,True,False,False,False,False,False,False,False,False,False,False,False,False,False,False,False,False,False,False,False,False,False
2022-04-09,2022-04-24,School,False,Frühling,False,False,False,False,False,False,False,False,False,False,True,False,False,False,False,False,False,False,False,False,False,False,False,False,False,False
2022-04-09,2022-04-24,School,False,Frühling,False,False,False,True,False,False,False,False,False,False,False,False,False,False,False,False,False,False,False,False,False,False,False,False,False,False
2022-04-09,2022-04-24,School,False,Frühling,False,False,True,False,False,False,False,False,False,False,False,False,False,False,False,False,False,False,False,False,False,False,False,False,False,False
2022-04-09,2022-04-24,School,False,Frühling,False,False,False,False,False,False,False,False,False,False,False,False,True,False,False,False,False,False,False,False,False,False,False,False,False,False
2022-04-14,2022-04-24,School,False,Frühling,False,False,False,False,False,False,False,False,False,False,False,False,False,False,False,False,False,False,False,True,False,False,False,False,False,False
2022-04-15,2022-05-01,School,False,Frühling,False,False,False,False,False,False,False,False,False,False,False,False,False,False,True,False,False,False,False,False,False,False,False,False,False,False
2022-04-15,2022-05-01,School,False,Frühling,False,False,False,False,False,False,False,False,False,False,False,False,False,False,False,False,False,False,False,False,False,False,False,True,False,False
2022-04-15,2022-05-01,School,False,Frühling,False,False,False,False,False,False,False,False,False,False,False,False,False,False,False,True,False,False,False,False,False,False,False,False,False,False
2022-04-15,2022-05-01,School,False,Frühling,False,False,False,False,False,False,False,False,False,False,False,False,False,False,False,False,False,False,False,False,False,False,False,True,False,False
2022-04-15,2022-04-24,School,False,Frühling,False,False,False,False,False,False,False,False,False,False,False,False,False,True,False,False,False,False,False,False,False,False,False,False,False,False
2022-04-15,2022-05-01,School,False,Frühling,False,False,False,False,False,False,False,True,False,False,False,False,False,False,False,False,False,False,False,False,False,False,False,False,False,False
2022-04-15,2022-05-01,School,False,Frühling,False,False,False,False,False,False,False,False,True,False,False,False,False,False,False,False,False,False,False,False,False,False,False,False,False,False
2022-04-15,2022-05-01,School,False,Frühling,False,False,False,False,False,False,False,False,False,True,False,False,False,False,False,False,False,False,False,False,False,False,False,False,False,False
2022-04-15,2022-05-01,School,False,Frühling,False,False,False,False,False,False,False,False,False,False,False,False,False,False,False,False,False,False,False,False,False,False,False,False,False,True
2022-04-15,2022-05-01,School,False,Frühling,True,False,False,False,False,False,False,False,False,False,False,False,False,False,False,False,False,False,False,False,False,False,False,False,False,False
2022-04-15,2022-04-24,School,False,Frühling,False,False,False,False,False,False,False,False,False,False,False,False,False,False,False,False,False,False,False,False,True,False,False,False,False,False
2022-04-30,2022-05-15,School,False,Frühling,False,False,False,False,False,False,False,False,False,False,False,False,False,False,False,False,False,False,False,False,False,False,False,False,True,False
2022-04-30,2022-05-15,School,False,Frühling,False,True,False,False,False,False,False,False,False,False,False,False,False,False,False,False,False,False,False,False,False,False,False,False,False,False
2022-04-30,2022-05-15,School,False,Frühling,False,False,False,False,False,False,False,False,False,False,False,False,False,False,False,False,False,False,False,False,True,False,False,False,False,False
2022-05-07,2022-05-15,School,False,Frühling,False,False,False,False,False,False,False,False,False,False,False,False,False,False,False,False,False,False,False,False,True,False,False,False,False,False
2022-06-16,2022-08-28,School,False,Sommer,False,False,False,False,False,False,False,False,False,False,False,False,False,True,False,False,False,False,False,False,False,False,False,False,False,False
2022-06-25,2022-08-17,School,False,Sommer,False,False,False,False,False,False,False,False,False,False,False,False,False,False,False,False,False,False,False,False,True,False,False,False,False,False
2022-06-29,2022-08-15,School,False,Sommer,False,False,False,False,False,False,False,False,False,False,False,False,False,False,False,False,False,False,False,False,True,False,False,False,False,False
2022-06-30,2022-08-15,School,False,Sommer,False,False,False,False,False,False,False,False,False,False,False,False,False,False,False,False,False,False,False,False,True,False,False,False,False,False
2022-07-02,2022-08-14,School,False,Sommer,False,False,False,False,False,False,False,False,False,False,False,False,True,False,False,False,False,False,False,False,False,False,False,False,False,False
2022-07-02,2022-08-15,School,False,Sommer,False,False,False,False,False,False,False,False,False,False,False,False,False,False,False,False,False,False,False,False,False,False,False,False,True,False
2022-07-02,2022-08-15,School,False,Sommer,False,False,False,False,False,False,True,False,False,False,False,False,False,False,False,False,False,False,False,False,False,False,False,False,False,False
2022-07-02,2022-08-21,School,False,Sommer,False,False,False,False,False,False,False,False,False,False,False,False,False,False,False,False,False,False,False,True,False,False,False,False,False,False
2022-07-02,2022-08-24,School,False,Sommer,False,False,False,False,False,False,False,False,False,False,False,False,False,False,False,False,False,False,False,False,False,False,False,True,False,False
2022-07-02,2022-08-15,School,False,Sommer,False,False,False,False,False,False,False,False,False,False,False,False,False,False,False,False,False,False,False,False,False,False,False,False,False,True
2022-07-02,2022-08-21,School,False,Sommer,False,False,False,False,False,False,False,False,False,True,False,False,False,False,False,False,False,False,False,False,False,False,False,False,False,False
2022-07-02,2022-08-14,School,False,Sommer,False,False,False,False,False,True,False,False,False,False,False,False,False,False,False,False,False,False,False,False,False,False,False,False,False,False
2022-07-02,2022-08-14,School,False,Sommer,False,False,False,False,False,False,False,False,False,False,False,False,False,False,False,False,False,False,False,False,False,True,False,False,False,False
2022-07-02,2022-08-14,School,False,Sommer,False,False,False,False,False,False,False,False,False,False,False,False,False,False,False,False,True,False,False,False,False,False,False,False,False,False
2022-07-02,2022-08-14,School,False,Sommer,False,False,False,False,False,False,False,False,False,False,False,False,False,False,False,False,False,False,False,False,False,False,True,False,False,False
2022-07-09,2022-08-21,School,False,Sommer,False,False,False,False,True,False,False,False,False,False,False,False,False,False,False,False,False,False,False,False,False,False,False,False,False,False
2022-07-09,2022-08-21,School,False,Sommer,False,False,False,False,False,False,False,False,False,False,False,False,False,False,True,False,False,False,False,False,False,False,False,False,False,False
2022-07-09,2022-08-14,School,False,Sommer,False,False,False,False,False,False,False,False,False,False,False,True,False,False,False,False,False,False,False,False,False,False,False,False,False,False
2022-07-09,2022-08-24,School,False,Sommer,False,False,False,False,False,False,False,False,False,False,False,False,False,False,False,False,False,False,False,False,False,False,False,True,False,False
2022-07-09,2022-08-14,School,False,Sommer,False,True,False,False,False,False,False,False,False,False,False,False,False,False,False,False,False,False,False,False,False,False,False,False,False,False
2022-07-09,2022-08-14,School,False,Sommer,True,False,False,False,False,False,False,False,False,False,False,False,False,False,False,False,False,False,False,False,False,False,False,False,False,False
2022-07-09,2022-08-28,School,False,Sommer,False,False,False,False,False,False,False,False,False,False,False,False,False,False,True,False,False,False,False,False,False,False,False,False,False,False
2022-07-09,2022-08-15,School,False,Sommer,False,False,False,False,False,False,False,False,False,False,True,False,False,False,False,False,False,False,False,False,False,False,False,False,False,False
2022-07-09,2022-08-14,School,False,Sommer,False,False,False,False,True,False,False,False,False,False,False,False,False,False,False,False,False,False,False,False,False,False,False,False,False,False
2022-07-09,2022-08-14,School,False,Sommer,False,False,False,False,False,False,False,False,False,False,False,False,False,False,False,False,False,True,False,False,False,False,False,False,False,False
2022-07-09,2022-08-14,School,False,Sommer,False,False,False,True,False,False,False,False,False,False,False,False,False,False,False,False,False,False,False,False,False,False,False,False,False,False
2022-07-09,2022-08-21,School,False,Sommer,False,False,False,False,False,False,False,False,False,False,False,False,False,False,False,True,False,False,False,False,False,False,False,False,False,False
2022-07-09,2022-08-21,School,False,Sommer,False,False,False,False,False,False,False,False,True,False,False,False,False,False,False,False,False,False,False,False,False,False,False,False,False,False
2022-07-16,2022-08-21,School,False,Sommer,False,False,False,False,False,False,False,True,False,False,False,False,False,False,False,False,False,False,False,False,False,False,False,False,False,False
2022-07-16,2022-08-07,School,False,Sommer,False,False,True,False,False,False,False,False,False,False,False,False,False,False,False,False,False,False,False,False,False,False,False,False,False,False
2022-09-24,2022-10-16,School,False,Herbst,False,False,False,False,True,False,False,False,False,False,False,False,False,False,False,False,False,False,False,False,False,False,False,False,False,False
2022-10-01,2022-10-16,School,False,Herbst,False,False,False,False,False,False,False,False,True,False,False,False,False,False,False,False,False,False,False,False,False,False,False,False,False,False
2022-10-01,2022-10-23,School,False,Herbst,False,False,False,True,False,False,False,False,False,False,False,False,False,False,False,False,False,False,False,False,False,False,False,False,False,False
2022-10-01,2022-10-16,School,False,Herbst,False,False,False,False,False,False,False,False,False,False,False,False,True,False,False,False,False,False,False,False,False,False,False,False,False,False
2022-10-01,2022-10-16,School,False,Herbst,False,False,False,False,False,False,False,False,False,False,False,False,False,False,False,False,False,False,False,False,False,False,True,False,False,False
2022-10-01,2022-10-23,School,False,Herbst,False,False,False,False,False,False,False,False,False,False,True,False,False,False,False,False,False,False,False,False,False,False,False,False,False,False
2022-10-01,2022-10-16,School,False,Herbst,False,False,True,False,False,False,False,False,False,False,False,False,False,False,False,False,False,False,False,False,False,False,False,False,False,False
2022-10-01,2022-10-16,School,False,Herbst,False,False,False,False,False,False,False,False,False,False,False,False,False,False,False,False,False,False,False,False,False,False,False,False,True,False
2022-10-01,2022-10-23,School,False,Herbst,True,False,False,False,False,False,False,False,False,False,False,False,False,False,False,False,False,False,False,False,False,False,False,False,False,False
2022-10-01,2022-10-16,School,False,Herbst,False,False,False,False,False,True,False,False,False,False,False,False,False,False,False,False,False,False,False,False,False,False,False,False,False,False
2022-10-01,2022-10-16,School,False,Herbst,False,True,False,False,False,False,False,False,False,False,False,False,False,False,False,False,False,False,False,False,False,False,False,False,False,False
2022-10-01,2022-10-16,School,False,Herbst,False,False,False,False,False,False,False,False,False,False,False,False,False,False,False,False,False,False,False,False,False,False,False,False,False,True
2022-10-01,2022-10-16,School,False,Herbst,False,False,False,False,False,False,False,False,False,False,False,False,False,False,True,False,False,False,False,False,False,False,False,False,False,False
2022-10-08,2022-10-23,School,False,Herbst,False,False,False,False,False,False,False,False,False,False,False,False,False,False,False,False,True,False,False,False,False,False,False,False,False,False
2022-10-08,2022-10-23,School,False,Herbst,False,False,False,False,True,False,False,False,False,False,False,False,False,False,False,False,False,False,False,False,False,False,False,False,False,False
2022-10-08,2022-10-23,School,False,Herbst,False,False,False,False,False,False,False,False,False,False,False,False,False,False,False,False,False,True,False,False,False,False,False,False,False,False
2022-10-08,2022-10-23,School,False,Herbst,False,False,False,False,False,False,True,False,False,False,False,False,False,False,False,False,False,False,False,False,False,False,False,False,False,False
2022-10-08,2022-10-23,School,False,Herbst,False,False,False,False,False,False,False,False,False,False,False,False,False,False,False,False,False,False,False,False,True,False,False,False,False,False
2022-10-08,2022-10-23,School,False,Herbst,False,False,False,False,False,False,False,False,False,False,False,True,False,False,False,False,False,False,False,False,False,False,False,False,False,False
2022-10-08,2022-10-23,School,False,Herbst,False,False,False,False,False,False,False,False,False,False,False,False,False,False,False,True,False,False,False,False,False,False,False,False,False,False
2022-10-08,2022-10-23,School,False,Herbst,False,False,False,False,False,False,False,False,False,False,False,False,False,False,False,False,False,False,False,False,False,True,False,False,False,False
2022-10-08,2022-10-23,School,False,Herbst,False,False,False,False,False,False,False,True,False,False,False,False,False,False,False,False,False,False,False,False,False,False,False,False,False,False
2022-10-13,2022-10-23,School,False,Herbst,False,False,False,False,False,False,False,False,False,False,False,False,False,False,False,False,False,False,False,False,True,False,False,False,False,False
2022-10-15,2022-10-30,School,False,Herbst,False,False,False,False,False,False,False,False,False,True,False,False,False,False,False,False,False,False,False,False,False,False,False,False,False,False
2022-10-15,2022-10-30,School,False,Herbst,False,False,False,False,False,False,False,False,False,False,False,False,False,False,False,False,False,False,False,False,False,False,False,True,False,False
2022-10-15,2022-10-30,School,False,Herbst,False,False,False,False,False,False,False,False,False,False,False,False,False,False,False,False,False,False,False,False,False,False,False,True,False,False
2022-10-22,2022-10-30,School,False,Herbst,False,False,False,False,False,False,False,False,False,False,False,False,False,False,False,False,False,False,False,True,False,False,False,False,False,False
2022-10-29,2022-11-06,School,False,Herbst,False,False,False,False,False,False,False,False,False,False,False,False,False,True,False,False,False,False,False,False,False,False,False,False,False,False
2022-12-22,2023-01-04,School,False,Winter,False,False,False,False,False,False,False,False,False,False,False,False,False,False,False,True,False,False,False,False,False,False,False,False,False,False
2022-12-24,2023-01-08,School,False,Winter,False,False,True,False,False,False,False,False,False,False,False,False,False,False,False,False,False,False,False,False,False,False,False,False,False,False
2022-12-24,2023-01-08,School,False,Winter,False,False,False,False,False,True,False,False,False,False,False,False,False,False,False,False,False,False,False,False,False,False,False,False,False,False
2022-12-24,2023-01-08,School,False,Winter,False,False,False,False,False,False,False,False,False,False,False,False,False,False,False,False,False,False,False,True,False,False,False,False,False,False
2022-12-24,2023-01-08,School,False,Winter,False,False,False,False,False,False,False,False,False,False,False,False,False,False,False,False,False,False,False,False,False,False,False,False,True,False
2022-12-24,2023-01-08,School,False,Winter,False,True,False,False,False,False,False,False,False,False,False,False,False,False,False,False,False,False,False,False,False,False,False,False,False,False
2022-12-24,2023-01-08,School,False,Winter,False,False,False,False,False,False,False,False,False,False,False,False,True,False,False,False,False,False,False,False,False,False,False,False,False,False
2022-12-24,2023-01-08,School,False,Winter,False,False,False,False,False,False,False,False,False,False,False,False,False,False,True,False,False,False,False,False,False,False,False,False,False,False
2022-12-24,2023-01-08,School,False,Winter,False,False,False,False,False,False,False,False,False,False,False,False,False,False,False,False,False,False,False,False,False,False,False,False,False,True
2022-12-24,2023-01-08,School,False,Winter,False,False,False,False,False,False,False,False,False,False,False,False,False,False,False,False,True,False,False,False,False,False,False,False,False,False
2022-12-24,2023-01-08,School,False,Winter,False,False,False,False,False,False,False,True,False,False,False,False,False,False,False,False,False,False,False,False,False,False,False,False,False,False
2022-12-24,2023-01-08,School,False,Winter,False,False,False,False,False,False,False,False,False,False,False,False,False,False,False,False,False,False,False,False,False,True,False,False,False,False
2022-12-24,2023-01-08,School,False,Winter,False,False,False,False,False,False,True,False,False,False,False,False,False,False,False,False,False,False,False,False,False,False,False,False,False,False
2022-12-24,2023-01-08,School,False,Winter,False,False,False,False,False,False,False,False,False,False,False,False,False,False,False,False,False,False,False,False,True,False,False,False,False,False
2022-12-24,2023-01-08,School,False,Winter,False,False,False,False,False,False,False,False,True,False,False,False,False,False,False,False,False,False,False,False,False,False,False,False,False,False
2022-12-24,2023-01-02,School,False,Winter,True,False,False,False,False,False,False,False,False,False,False,False,False,False,False,False,False,False,False,False,False,False,False,False,False,False
2022-12-24,2023-01-08,School,False,Winter,False,False,False,False,False,False,False,False,False,False,True,False,False,False,False,False,False,False,False,False,False,False,False,False,False,False
2022-12-24,2023-01-08,School,False,Winter,False,False,False,True,False,False,False,False,False,False,False,False,False,False,False,False,False,False,False,False,False,False,False,False,False,False
2022-12-24,2023-01-08,School,False,Winter,False,False,False,False,True,False,False,False,False,False,False,False,False,False,False,False,False,False,False,False,False,False,False,False,False,False
2022-12-24,2023-01-08,School,False,Winter,False,False,False,False,False,False,False,False,False,True,False,False,False,False,False,False,False,False,False,False,False,False,False,False,False,False
2022-12-24,2023-01-08,School,False,Winter,False,False,False,False,False,False,False,False,False,False,False,False,False,False,False,False,False,False,False,False,False,False,True,False,False,False
2022-12-24,2023-01-08,School,False,Winter,False,False,False,False,False,False,False,False,False,False,False,True,False,False,False,False,False,False,False,False,False,False,False,False,False,False
2022-12-24,2023-01-08,School,False,Winter,False,False,False,False,True,False,False,False,False,False,False,False,False,False,False,False,False,False,False,False,False,False,False,False,False,False
2022-12-24,2023-01-08,School,False,Winter,False,False,False,False,False,False,False,False,False,False,False,False,False,False,False,False,False,False,False,False,True,False,False,False,False,False
2022-12-24,2023-01-08,School,False,Winter,False,False,False,False,False,False,False,False,False,False,False,False,False,True,False,False,False,False,False,False,False,False,False,False,False,False
2022-12-24,2023-01-08,School,False,Winter,False,False,False,False,False,False,False,False,False,False,False,False,False,False,False,False,False,False,False,False,False,False,False,True,False,False
2022-12-24,2023-01-08,School,False,Winter,False,False,False,False,False,False,False,False,False,False,False,False,False,False,False,False,False,False,False,False,False,False,False,True,False,False
2022-12-24,2023-01-08,School,False,Winter,False,False,False,False,False,False,False,False,False,False,False,False,False,False,False,False,False,True,False,False,False,False,False,False,False,False
2023-01-28,2023-02-12,School,False,Sport,True,False,False,False,False,False,False,False,False,False,False,False,False,False,False,False,False,False,False,False,False,False,False,False,False,False
2023-01-28,2023-02-05,School,False,Sport,False,False,False,False,False,False,False,False,False,False,False,True,False,False,False,False,False,False,False,False,False,False,False,False,False,False
2023-01-28,2023-02-05,School,False,Sport,False,False,False,False,False,False,False,False,False,False,False,False,False,False,False,False,False,False,False,False,False,True,False,False,False,False
2023-02-04,2023-02-19,School,False,Sport,False,False,False,False,False,False,False,False,False,False,True,False,False,False,False,False,False,False,False,False,False,False,False,False,False,False
2023-02-04,2023-02-19,School,False,Sport,False,False,False,False,False,False,False,False,False,False,False,False,False,False,False,True,False,False,False,False,False,False,False,False,False,False
2023-02-11,2023-02-26,School,False,Sport,False,False,False,False,False,False,False,False,False,False,False,False,False,False,True,False,False,False,False,False,False,False,False,False,False,False
2023-02-11,2023-02-26,School,False,Sport,False,False,False,False,False,False,False,False,False,False,False,False,False,False,False,False,False,False,False,False,False,False,False,False,False,True
2023-02-11,2023-02-26,School,False,Sport,False,False,False,False,False,False,False,False,True,False,False,False,False,False,False,False,False,False,False,False,False,False,False,False,False,False
2023-02-11,2023-02-19,School,False,Sport,False,False,False,False,False,False,False,False,False,True,False,False,False,False,False,False,False,False,False,False,False,False,False,False,False,False
2023-02-17,2023-02-26,School,False,Sport,False,False,False,False,False,False,True,False,False,False,False,False,False,False,False,False,False,False,False,False,False,False,False,False,False,False
2023-02-18,2023-02-26,School,False,Sport,False,False,False,False,False,False,False,False,False,False,False,False,False,True,False,False,False,False,False,False,False,False,False,False,False,False
2023-02-18,2023-02-26,School,False,Sport,False,False,False,False,False,False,False,False,False,False,False,False,False,False,False,False,False,False,False,False,True,False,False,False,False,False
2023-02-18,2023-02-26,School,False,Sport,False,False,False,False,False,False,False,False,False,False,False,False,False,False,False,False,False,False,False,True,False,False,False,False,False,False
2023-02-18,2023-03-05,School,False,Sport,False,False,False,False,False,False,False,False,False,False,False,False,False,False,False,False,False,False,False,False,False,False,True,False,False,False
2023-02-18,2023-03-05,School,False,Sport,False,False,False,False,False,True,False,False,False,False,False,False,False,False,False,False,False,False,False,False,False,False,False,False,False,False
2023-02-18,2023-02-26,School,False,Sport,False,False,False,False,False,False,False,False,False,False,False,False,False,False,False,False,False,False,False,False,False,False,False,True,False,False
2023-02-18,2023-02-26,School,False,Sport,False,False,False,False,False,False,False,False,False,False,False,False,False,False,False,False,False,False,False,False,False,False,False,True,False,False
2023-02-18,2023-02-26,School,False,Sport,False,False,False,False,False,False,False,False,False,False,False,False,False,False,False,False,True,False,False,False,False,False,False,False,False,False
2023-02-25,2023-03-05,School,False,Sport,False,True,False,False,False,False,False,False,False,False,False,False,False,False,False,False,False,False,False,False,False,False,False,False,False,False
2023-02-25,2023-03-05,School,False,Sport,False,False,False,False,False,False,False,False,False,False,False,False,True,False,False,False,False,False,False,False,False,False,False,False,False,False
2023-02-25,2023-03-12,School,False,Sport,False,False,False,False,False,False,False,False,False,False,False,False,False,False,False,False,False,False,False,False,True,False,False,False,False,False
2023-03-04,2023-03-12,School,False,Sport,False,False,False,False,False,False,False,False,False,False,False,False,False,False,False,False,False,False,False,False,False,False,False,False,True,False
2023-03-04,2023-03-12,School,False,Sport,False,False,False,False,False,False,False,False,False,False,False,False,False,False,False,False,False,False,False,False,True,False,False,False,False,False
2023-03-25,2023-04-10,School,False,Frühling,False,False,False,False,False,False,False,False,False,False,False,True,False,False,False,False,False,False,False,False,False,False,False,False,False,False
2023-04-01,2023-04-16,School,False,Frühling,False,False,False,False,False,False,False,False,False,False,False,False,False,False,False,False,False,False,False,False,False,False,True,False,False,False
2023-04-01,2023-04-16,School,False,Frühling,False,False,False,False,False,True,False,False,False,False,False,False,False,False,False,False,False,False,False,False,False,False,False,False,False,False
2023-04-07,2023-04-23,School,False,Frühling,False,False,False,False,False,False,False,False,False,False,False,False,False,False,False,False,False,False,False,True,False,False,False,False,False,False
2023-04-07,2023-04-23,School,False,Frühling,False,False,False,False,False,False,False,False,False,False,False,False,False,False,False,False,False,False,False,False,False,False,False,True,False,False
2023-04-07,2023-04-23,School,False,Frühling,False,False,False,False,False,False,True,False,False,False,False,False,False,False,False,False,False,False,False,False,False,False,False,False,False,False
2023-04-07,2023-04-16,School,False,Frühling,False,False,False,False,False,False,False,False,False,False,False,False,False,True,False,False,False,False,False,False,False,False,False,False,False,False
2023-04-07,2023-04-23,School,False,Frühling,False,False,False,False,True,False,False,False,False,False,False,False,False,False,False,False,False,False,False,False,False,False,False,False,False,False
2023-04-07,2023-04-23,School,False,Frühling,False,False,False,False,False,False,False,False,False,False,False,False,False,False,False,False,False,False,False,False,False,False,False,False,False,True
2023-04-07,2023-04-23,School,False,Frühling,False,False,False,False,False,False,False,False,False,False,False,False,False,False,False,False,False,True,False,False,False,False,False,False,False,False
2023-04-07,2023-04-23,School,False,Frühling,False,False,False,False,True,False,False,False,False,False,False,False,False,False,False,False,False,False,False,False,False,False,False,False,False,False
2023-04-07,2023-04-23,School,False,Frühling,False,False,False,False,False,False,False,False,False,False,False,False,False,False,False,False,True,False,False,False,False,False,False,False,False,False
2023-04-07,2023-04-23,School,False,Frühling,False,False,False,False,False,False,False,False,False,False,False,False,False,False,False,False,False,False,False,False,False,True,False,False,False,False
2023-04-07,2023-04-23,School,False,Frühling,False,False,False,False,False,False,False,False,False,False,True,False,False,False,False,False,False,False,False,False,False,False,False,False,False,False
2023-04-07,2023-04-23,School,False,Frühling,False,False,False,False,False,False,False,False,False,False,False,False,False,False,True,False,False,False,False,False,False,False,False,False,False,False
2023-04-07,2023-04-23,School,False,Frühling,False,False,False,False,False,False,False,False,False,True,False,False,False,False,False,False,False,False,False,False,False,False,False,False,False,False
2023-04-07,2023-04-16,School,False,Frühling,False,False,False,False,False,False,False,False,False,False,False,False,False,False,False,False,False,False,False,False,True,False,False,False,False,False
2023-04-07,2023-04-23,School,False,Frühling,False,False,True,False,False,False,False,False,False,False,False,False,False,False,False,False,False,False,False,False,False,False,False,False,False,False
2023-04-07,2023-04-23,School,False,Frühling,False,False,False,False,False,False,False,False,False,False,False,False,True,False,False,False,False,False,False,False,False,False,False,False,False,False
2023-04-07,2023-04-23,School,False,Frühling,False,False,False,False,False,False,False,False,False,False,False,False,False,False,False,False,False,False,False,False,False,False,False,True,False,False
2023-04-07,2023-04-23,School,False,Frühling,False,False,False,True,False,False,False,False,False,False,False,False,False,False,False,False,False,False,False,False,False,False,False,False,False,False
2023-04-07,2023-04-23,School,False,Frühling,False,False,False,False,False,False,False,False,True,False,False,False,False,False,False,False,False,False,False,False,False,False,False,False,False,False
2023-04-15,2023-05-01,School,False,Frühling,True,False,False,False,False,False,False,False,False,False,False,False,False,False,False,False,False,False,False,False,False,False,False,False,False,False
2023-04-15,2023-04-30,School,False,Frühling,False,False,False,False,False,False,False,False,False,False,False,False,False,False,False,True,False,False,False,False,False,False,False,False,False,False
2023-04-22,2023-05-07,School,False,Frühling,False,False,False,False,False,False,False,True,False,False,False,False,False,False,False,False,False,False,False,False,False,False,False,False,False,False
2023-04-22,2023-05-07,School,False,Frühling,False,False,False,False,False,False,False,False,False,False,False,False,False,False,False,False,False,False,False,False,False,False,False,False,True,False
2023-04-29,2023-05-14,School,False,Frühling,False,True,False,False,False,False,False,False,False,False,False,False,False,False,False,False,False,False,False,False,False,False,False,False,False,False
2023-05-13,2023-05-21,School,False,Frühling,False,False,False,False,False,False,False,False,False,False,False,False,False,False,False,False,False,False,False,False,True,False,False,False,False,False
2023-05-13,2023-05-29,School,False,Frühling,False,False,False,False,False,False,False,False,False,False,False,False,False,False,False,False,False,False,False,False,True,False,False,False,False,False
2023-06-17,2023-08-27,School,False,Sommer,False,False,False,False,False,False,False,False,False,False,False,False,False,True,False,False,False,False,False,False,False,False,False,False,False,False
2023-06-24,2023-08-16,School,False,Sommer,False,False,False,False,False,False,False,False,False,False,False,False,False,False,False,False,False,False,False,False,True,False,False,False,False,False
2023-07-01,2023-08-20,School,False,Sommer,False,False,False,False,False,False,False,False,False,False,False,False,False,False,False,False,False,False,False,False,False,False,False,False,True,False
2023-07-01,2023-08-20,School,False,Sommer,False,False,False,False,False,False,False,False,False,False,False,False,False,False,False,False,False,False,False,True,False,False,False,False,False,False
2023-07-01,2023-08-20,School,False,Sommer,False,False,False,False,False,False,False,False,False,False,False,False,False,False,False,False,True,False,False,False,False,False,False,False,False,False
2023-07-01,2023-08-13,School,False,Sommer,False,False,False,False,False,True,False,False,False,False,False,False,False,False,False,False,False,False,False,False,False,False,False,False,False,False
2023-07-01,2023-08-23,School,False,Sommer,False,False,False,False,False,False,False,False,False,False,False,False,False,False,False,False,False,False,False,False,False,False,False,True,False,False
2023-07-01,2023-08-15,School,False,Sommer,False,False,False,False,False,False,False,False,False,False,False,False,False,False,False,False,False,False,False,False,True,False,False,False,False,False
2023-07-01,2023-08-13,School,False,Sommer,False,False,False,False,False,False,False,False,False,False,False,False,False,False,False,False,False,False,False,False,False,False,True,False,False,False
2023-07-01,2023-08-13,School,False,Sommer,False,False,False,False,False,False,False,False,False,False,False,False,False,False,False,False,False,False,False,False,False,True,False,False,False,False
2023-07-01,2023-08-13,School,False,Sommer,False,False,False,False,False,False,True,False,False,False,False,False,False,False,False,False,False,False,False,False,False,False,False,False,False,False
2023-07-01,2023-08-20,School,False,Sommer,False,False,False,False,False,False,False,False,False,True,False,False,False,False,False,False,False,False,False,False,False,False,False,False,False,False
2023-07-01,2023-08-13,School,False,Sommer,False,False,False,False,False,False,False,False,False,False,False,False,True,False,False,False,False,False,False,False,False,False,False,False,False,False
2023-07-08,2023-08-13,School,False,Sommer,False,False,False,False,True,False,False,False,False,False,False,False,False,False,False,False,False,False,False,False,False,False,False,False,False,False
2023-07-08,2023-08-13,School,False,Sommer,False,False,False,False,False,False,False,False,False,False,False,True,False,False,False,False,False,False,False,False,False,False,False,False,False,False
2023-07-08,2023-08-13,School,False,Sommer,False,False,False,True,False,False,False,False,False,False,False,False,False,False,False,False,False,False,False,False,False,False,False,False,False,False
2023-07-08,2023-08-23,School,False,Sommer,False,False,False,False,False,False,False,False,False,False,False,False,False,False,False,False,False,False,False,False,False,False,False,True,False,False
2023-07-08,2023-08-20,School,False,Sommer,False,False,False,False,False,False,False,False,False,False,False,False,False,False,False,False,False,False,False,False,False,False,False,False,False,True
2023-07-08,2023-08-27,School,False,Sommer,False,False,False,False,False,False,False,False,False,False,False,False,False,False,True,False,False,False,False,False,False,False,False,False,False,False
2023-07-08,2023-08-20,School,False,Sommer,False,False,False,False,False,False,False,False,False,False,False,False,False,False,True,False,False,False,False,False,False,False,False,False,False,False
2023-07-08,2023-08-13,School,False,Sommer,False,False,False,False,False,False,False,False,False,False,False,False,False,False,False,False,False,True,False,False,False,False,False,False,False,False
2023-07-08,2023-08-20,School,False,Sommer,False,False,False,False,True,False,False,False,False,False,False,False,False,False,False,False,False,False,False,False,False,False,False,False,False,False
2023-07-08,2023-08-13,School,False,Sommer,True,False,False,False,False,False,False,False,False,False,False,False,False,False,False,False,False,False,False,False,False,False,False,False,False,False
2023-07-08,2023-08-20,School,False,Sommer,False,False,False,False,False,False,False,False,False,False,False,False,False,False,False,True,False,False,False,False,False,False,False,False,False,False
2023-07-08,2023-08-13,School,False,Sommer,False,True,False,False,False,False,False,False,False,False,False,False,False,False,False,False,False,False,False,False,False,False,False,False,False,False
2023-07-08,2023-08-20,School,False,Sommer,False,False,False,False,False,False,False,False,True,False,False,False,False,False,False,False,False,False,False,False,False,False,False,False,False,False
2023-07-08,2023-08-15,School,False,Sommer,False,False,False,False,False,False,False,False,False,False,True,False,False,False,False,False,False,False,False,False,False,False,False,False,False,False
2023-07-15,2023-08-20,School,False,Sommer,False,False,False,False,False,False,False,True,False,False,False,False,False,False,False,False,False,False,False,False,False,False,False,False,False,False
2023-07-22,2023-08-13,School,False,Sommer,False,False,True,False,False,False,False,False,False,False,False,False,False,False,False,False,False,False,False,False,False,False,False,False,False,False
2023-09-23,2023-10-15,School,False,Herbst,False,False,False,False,True,False,False,False,False,False,False,False,False,False,False,False,False,False,False,False,False,False,False,False,False,False
2023-09-30,2023-10-15,School,False,Herbst,False,False,False,False,False,False,False,False,False,False,False,False,False,False,False,False,False,False,False,False,False,False,False,False,False,True
2023-09-30,2023-10-22,School,False,Herbst,False,False,False,True,False,False,False,False,False,False,False,False,False,False,False,False,False,False,False,False,False,False,False,False,False,False
2023-09-30,2023-10-22,School,False,Herbst,True,False,False,False,False,False,False,False,False,False,False,False,False,False,False,False,False,False,False,False,False,False,False,False,False,False
2023-09-30,2023-10-15,School,False,Herbst,False,False,True,False,False,False,False,False,False,False,False,False,False,False,False,False,False,False,False,False,False,False,False,False,False,False
2023-09-30,2023-10-15,School,False,Herbst,False,False,False,False,False,False,False,False,True,False,False,False,False,False,False,False,False,False,False,False,False,False,False,False,False,False
2023-09-30,2023-10-15,School,False,Herbst,False,False,False,False,False,True,False,False,False,False,False,False,False,False,False,False,False,False,False,False,False,False,False,False,False,False
2023-09-30,2023-10-15,School,False,Herbst,False,False,False,False,False,False,False,False,False,False,False,False,True,False,False,False,False,False,False,False,False,False,False,False,False,False
2023-09-30,2023-10-15,School,False,Herbst,False,False,False,False,False,False,False,False,False,False,False,False,False,False,False,False,False,False,False,False,False,False,True,False,False,False
2023-09-30,2023-10-22,School,False,Herbst,False,False,False,False,False,False,False,False,False,False,True,False,False,False,False,False,False,False,False,False,False,False,False,False,False,False
2023-09-30,2023-10-15,School,False,Herbst,False,False,False,False,False,False,False,False,False,False,False,False,False,False,True,False,False,False,False,False,False,False,False,False,False,False
2023-09-30,2023-10-15,School,False,Herbst,False,True,False,False,False,False,False,False,False,False,False,False,False,False,False,False,False,False,False,False,False,False,False,False,False,False
2023-10-07,2023-10-22,School,False,Herbst,False,False,False,False,False,False,False,False,False,False,False,True,False,False,False,False,False,False,False,False,False,False,False,False,False,False
2023-10-07,2023-10-22,School,False,Herbst,False,False,False,False,False,False,False,False,False,False,False,False,False,False,False,False,False,False,False,False,False,False,False,False,True,False
2023-10-07,2023-10-22,School,False,Herbst,False,False,False,False,False,False,False,False,False,False,False,False,False,False,False,False,False,True,False,False,False,False,False,False,False,False
2023-10-07,2023-10-22,School,False,Herbst,False,False,False,False,False,False,True,False,False,False,False,False,False,False,False,False,False,False,False,False,False,False,False,False,False,False
2023-10-07,2023-10-22,School,False,Herbst,False,False,False,False,False,False,False,False,False,False,False,False,False,False,False,True,False,False,False,False,False,False,False,False,False,False
2023-10-07,2023-10-22,School,False,Herbst,False,False,False,False,True,False,False,False,False,False,False,False,False,False,False,False,False,False,False,False,False,False,False,False,False,False
2023-10-07,2023-10-22,School,False,Herbst,False,False,False,False,False,False,False,True,False,False,False,False,False,False,False,False,False,False,False,False,False,False,False,False,False,False
2023-10-07,2023-10-22,School,False,Herbst,False,False,False,False,False,False,False,False,False,False,False,False,False,False,False,False,False,False,False,False,False,True,False,False,False,False
2023-10-14,2023-10-29,School,False,Herbst,False,False,False,False,False,False,False,False,False,False,False,False,False,False,False,False,False,False,False,False,True,False,False,False,False,False
2023-10-14,2023-10-29,School,False,Herbst,False,False,False,False,False,False,False,False,False,True,False,False,False,False,False,False,False,False,False,False,False,False,False,False,False,False
2023-10-14,2023-10-29,School,False,Herbst,False,False,False,False,False,False,False,False,False,False,False,False,False,False,False,False,False,False,False,False,False,False,False,True,False,False
2023-10-14,2023-10-29,School,False,Herbst,False,False,False,False,False,False,False,False,False,False,False,False,False,False,False,False,False,False,False,False,False,False,False,True,False,False
2023-10-19,2023-10-29,School,False,Herbst,False,False,False,False,False,False,False,False,False,False,False,False,False,False,False,False,False,False,False,False,True,False,False,False,False,False
2023-10-21,2023-10-29,School,False,Herbst,False,False,False,False,False,False,False,False,False,False,False,False,False,False,False,False,False,False,False,True,False,False,False,False,False,False
2023-10-28,2023-11-05,School,False,Herbst,False,False,False,False,False,False,False,False,False,False,False,False,False,True,False,False,False,False,False,False,False,False,False,False,False,False
